'annuary_id','module'
8,'D|P|98|7|PU|17|_'
8,'D|P|00|7|PU|17|_'
8,'D|P|02|7|PU|08|_'
8,'D|P|04|7|SI|02|_'
8,'D|P|06|7|SI|04|_'
8,'D|P|08|7|SI|04|_'
8,'D|P|10|6|SI|04|_'
8,'S|S|13|A|MO|__|_'
8,'D|S|13|A|DF|05|_'
16,'BM|__|_|SI|__|_'
16,'Q|_|71|B|CH|__|3'
16,'BT|71|B|CH|01|2'
16,'Q|_|71|C|CH|__|3'
16,'BT|71|C|CH|01|2'
16,'D|S|98|7|GT|02|_'
16,'D|S|00|7|GT|02|_'
16,'D|S|02|7|GT|02|_'
16,'D|S|04|7|GT|02|_'
16,'D|S|06|7|GT|02|_'
16,'BM|07|6|__|__|1'
17,'BN|__|_|SI|__|_'
17,'D|S|98|7|CH|03|_'
17,'D|S|00|7|CH|03|_'
17,'D|S|02|7|JA|03|_'
17,'D|S|02|7|CH|06|_'
21,'=|I|__|_|__|__|_'
21,'BN|62|_|SL|01|1'
21,'BF|62|1|SL|35|A'
21,'BC|75|3|DF|01|5'
21,'BF|76|3|SL|35|A'
21,'BW|84|_|HI|35|1'
21,'BC|84|7|DF|01|5'
21,'BW|87|_|MO|35|_'
21,'BK|87|_|SL|16|2'
21,'BH|92|C|SL|35|A'
21,'BH|93|_|SL|35|B'
21,'BV|98|_|DF|01|6'
21,'D|S|98|7|SL|07|_'
21,'L|G|99|_|_|1491'
21,'L|X|00|1|_|0000'
21,'BV|00|8|SL|01|8'
21,'BT|00|9|SL|05|_'
21,'BV|01|_|CO|05|_'
21,'BR|02|1|SL|__|4'
21,'BT|03|2|DF|05|_'
21,'BE|03|4|US|__|_'
21,'L|E|04|3|_|6386'
21,'L|D|05|2|_|6386'
21,'BR|08|_|DF|__|4'
21,'BT|11|3|DF|42|4'
21,'BT|11|7|DF|43|4'
21,'BK|12|1|US|18|4'
21,'BE|13|2|US|20|5'
21,'BW|20|5|DF|10|1'
22,'D|S|98|7|PU|15|_'
22,'D|S|10|6|PU|18|_'
23,'D|S|98|7|PU|07|_'
24,'=|L|__|_|__|__|_'
24,'BN|51|_|JA|09|_'
24,'BC|71|5|DF|01|5'
24,'BW|90|_|DF|94|1'
24,'D|S|98|7|DU|03|_'
24,'D|S|00|7|DU|03|_'
24,'BM|17|_|DF|01|1'
25,'D|S|98|7|ZA|08|_'
25,'D|S|00|7|ZA|08|_'
26,'D|S|98|7|ME|16|_'
26,'D|S|00|7|ME|16|_'
26,'D|S|02|7|ME|03|_'
26,'D|S|04|7|ME|03|_'
29,'D|P|98|7|TL|02|_'
29,'D|P|00|7|TL|02|_'
29,'BM|02|_|__|__|1'
31,'D|S|98|7|YU|01|_'
35,'D|S|98|7|MI|14|_'
39,'D|P|98|7|JA|02|_'
39,'D|P|00|7|JA|02|_'
40,'D|S|98|7|NL|02|_'
40,'D|S|00|7|NL|02|_'
40,'D|S|02|7|NL|02|_'
40,'D|S|04|7|NL|02|_'
41,'D|P|98|7|YU|03|_'
41,'D|P|00|7|YU|03|_'
41,'D|P|02|7|ME|09|_'
41,'D|P|10|6|ME|17|_'
41,'D|S|12|_|OA|13|_'
41,'D|P|13|A|OA|10|_'
42,'BN|69|_|OA|01|1'
42,'BW|89|_|CH|81|_'
42,'BW|90|_|CH|17|_'
42,'BW|95|_|OA|81|_'
42,'D|P|98|7|OA|03|_'
42,'D|P|00|7|OA|03|_'
42,'BK|02|_|CH|14|2'
42,'BW|02|_|CH|38|1'
42,'D|P|02|7|CH|06|_'
42,'BW|03|_|SL|81|_'
42,'J|_|04|A|__|10|A'
42,'BW|05|_|OA|25|1'
42,'S|P|06|7|TA|__|_'
42,'S|S|10|6|TA|__|_'
42,'D|P|12|6|OA|17|_'
42,'G|_|12|8|OA|14|7'
42,'BT|13|2|OA|62|7'
42,'BT|14|7|OA|__|7'
42,'BR|14|7|OA|__|9'
42,'BM|28|5|US|__|1'
43,'D|S|98|7|OA|10|_'
47,'D|P|98|7|CP|05|_'
47,'BM|00|_|__|__|1'
52,'D|P|98|7|CA|02|_'
52,'D|P|00|7|CA|02|_'
52,'D|P|02|7|CA|03|_'
52,'D|P|04|7|AG|02|_'
52,'D|P|06|7|AG|02|_'
52,'D|P|08|7|AG|02|_'
52,'D|P|10|6|AG|02|_'
53,'D|S|98|7|YU|06|_'
54,'BH|__|_|YU|__|D'
54,'BH|__|_|YU|__|A'
54,'=|G|__|_|__|__|_'
54,'BL|46|_|YU|__|_'
54,'W|P|54|_|YU|03|_'
54,'W|P|61|_|YU|61|_'
54,'G|_|67|_|YU|69|_'
54,'BT|67|_|YU|69|_'
54,'BV|72|3|YU|12|1'
54,'BP|72|4|YU|01|1'
54,'W|_|76|_|YU|07|2'
54,'BT|76|_|YU|02|2'
54,'BP|76|C|YU|01|1'
54,'L|B|80|_|_|5510'
54,'G|_|98|2|YU|02|2'
54,'D|P|98|7|YU|05|_'
54,'D|P|00|7|YU|05|_'
54,'D|P|02|7|YU|08|_'
54,'D|P|04|7|YU|05|_'
54,'BM|17|_|YU|01|1'
54,'BN|33|_|YU|12|_'
55,'BN|45|_|DF|01|1'
55,'BC|60|2|DF|01|_'
55,'BC|66|6|DF|01|5'
55,'=|D|71|_|DF|O1|_'
55,'BW|73|_|DF|25|1'
55,'D|S|98|7|DF|07|_'
55,'D|S|00|7|GR|05|_'
55,'D|S|02|7|ME|02|_'
55,'D|S|04|7|ME|02|_'
56,'D|P|98|7|JA|06|_'
56,'D|P|00|7|JA|06|_'
56,'D|P|02|7|JA|06|_'
56,'D|P|04|7|JA|06|_'
56,'BM|06|_|__|__|1'
220,'D|S|16|A|ME|15|_'
220,'D|P|18|7|ME|01|_'
328,'D|S|20|8|DF|07|_'
328,'D|S|24|7|DF|16|_'
328,'D|P|26|7|DF|17|_'
450,'D|S|00|7|TL|02|_'
456,'D|S|00|7|SL|05|_'
465,'D|P|00|7|NL|01|_'
465,'S|S|02|7|NL|__|_'
465,'S|S|06|7|NL|__|_'
466,'D|S|00|7|ZA|02|_'
553,'D|S|02|7|MI|04|_'
555,'D|S|02|7|MI|08|_'
555,'D|S|12|6|MI|08|_'
557,'D|P|02|7|PU|05|_'
557,'D|P|04|7|PU|05|_'
557,'D|P|06|7|PU|05|_'
560,'D|S|02|7|PU|19|_'
560,'D|S|04|7|PU|19|_'
561,'BN|59|_|OA|17|_'
561,'BW|89|_|OA|25|1'
561,'BK|00|_|OA|81|2'
561,'D|S|02|7|OA|02|_'
561,'J|_|08|A|__|__|_'
562,'D|P|02|7|NL|07|_'
562,'D|P|04|7|NL|07|_'
563,'D|S|02|7|OA|05|_'
564,'D|S|02|7|OA|14|_'
565,'D|S|02|7|PU|01|_'
565,'D|P|04|7|SO|02|_'
566,'D|S|02|7|PU|18|_'
566,'D|S|04|7|PU|18|_'
566,'D|P|06|7|SO|02|_'
566,'D|S|06|7|PU|17|_'
566,'D|P|08|7|SO|02|_'
566,'D|P|10|6|SO|02|_'
693,'BM|00|_|__|__|1'
693,'D|S|04|7|CP|02|_'
694,'D|S|04|7|JA|02|_'
695,'D|P|04|7|CA|03|_'
695,'D|P|06|7|CA|03|_'
695,'D|P|08|7|CA|03|_'
695,'D|P|10|6|CA|03|_'
695,'W|P|13|7|CH|05|7'
696,'BN|68|_|__|__|_'
696,'BC|81|9|DF|01|5'
696,'D|S|04|7|SO|03|_'
696,'A|_|12|5|ZA|13|4'
696,'A|_|13|4|TA|__|_'
696,'BD|13|B|TA|01|C'
696,'BM|14|5|__|__|_'
697,'=|L|__|_|__|__|_'
697,'D|S|04|7|JA|10|0'
697,'D|S|06|7|JA|10|_'
697,'D|P|08|7|JA|18|_'
697,'D|P|10|6|JA|18|_'
697,'D|P|12|6|VE|20|_'
697,'BT|12|A|DF|85|_'
701,'D|S|04|7|JA|06|_'
701,'BM|06|_|__|__|1'
702,'D|S|04|7|PU|07|_'
703,'D|S|04|7|OA|10|_'
703,'D|S|08|7|OA|19|_'
703,'D|P|28|7|OA|21|_'
703,'D|P|29|3|OA|21|_'
704,'D|P|04|7|TE|01|_'
704,'D|P|06|7|TE|01|_'
802,'D|S|04|7|MO|02|_'
802,'D|S|06|7|MO|02|_'
802,'D|S|08|7|MO|02|0'
810,'D|S|06|7|MI|13|_'
810,'D|S|08|7|MI|12|_'
810,'D|S|10|6|MI|12|_'
811,'D|S|06|7|JA|02|_'
812,'G|_|__|_|ME|__|_'
812,'T|_|__|_|MI|__|_'
812,'BC|45|7|DF|01|_'
812,'BL|47|_|__|__|_'
812,'=|I|49|_|DF|__|_'
812,'BT|56|_|DF|70|_'
812,'BT|62|_|PU|71|_'
812,'W|_|63|_|__|09|_'
812,'M|_|65|_|GM|__|_'
812,'M|_|96|3|GM|00|1'
812,'BM|00|1|DF|01|1'
812,'D|S|06|7|ME|11|_'
812,'BN|29|_|ZA|__|_'
812,'BO|30|_|ZA|03|_'
812,'BF|30|_|ZA|__|D'
813,'D|S|06|7|NL|05|_'
814,'D|S|06|7|OA|10|_'
814,'D|P|13|A|OA|13|_'
815,'D|S|06|7|OA|07|_'
815,'D|S|05|7|OA|02|_'
815,'D|S|10|6|GT|03|_'
817,'D|S|06|7|SI|04|_'
818,'D|S|06|7|CA|01|_'
915,'D|S|08|7|GT|09|_'
915,'D|S|10|6|GT|18|_'
915,'BK|11|6|YU|14|4'
921,'D|S|08|7|PU|15|_'
924,'D|S|08|7|ME|02|_'
924,'D|P|10|6|NL|02|_'
1024,'D|S|10|6|ZA|06|_'
1025,'D|S|10|6|TL|01|_'
1025,'D|S|13|A|TL|02|_'
1026,'D|S|10|6|BC|01|_'
1027,'D|S|10|6|CH|01|_'
1027,'D|S|13|A|MI|18|_'
1030,'W|_|58|_|TB|01|_'
1030,'W|P|63|_|VE|02|_'
1030,'BT|66|_|__|71|_'
1030,'BQ|69|_|PU|01|2'
1030,'W|_|76|_|__|05|2'
1030,'W|_|79|_|__|06|2'
1030,'W|_|83|_|__|07|2'
1030,'A|_|85|9|TB|__|_'
1030,'H|_|87|3|TB|87|9'
1030,'G|_|95|1|TB|10|C'
1030,'D|P|10|6|GR|03|_'
1030,'BH|16|_|DF|__|C'
1030,'BM|16|_|DF|01|1'
1030,'BW|16|B|DF|01|1'
1030,'BO|38|_|VE|__|6'
1030,'BF|38|_|VE|21|_'
1030,'BN|38|5|VE|13|8'
1033,'L|C|05|5|_|7141'
1033,'D|S|10|6|SL|06|_'
1034,'D|S|10|6|OA|17|_'
1038,'D|S|10|6|ME|02|_'
1152,'BN|70|_|MO|06|_'
1152,'BC|80|7|DF|01|_'
1152,'D|P|00|7|VE|03|_'
1152,'D|P|02|7|MI|14|_'
1152,'D|P|04|7|MI|14|_'
1152,'D|P|06|7|MI|14|_'
1152,'BV|08|_|MI|14|_'
1152,'D|P|08|7|MI|14|_'
1152,'BT|09|_|DF|__|3'
1152,'L|G|09|_|_|0497'
1152,'BT|10|_|DF|04|4'
1152,'BT|12|7|MO|32|_'
1152,'N|_|15|1|FM||'
1157,'=|L|__|_|__|__|_'
1157,'D|S|12|6|ME|11|_'
1158,'BV|08|_|CO|01|9'
1158,'BT|10|6|CO|04|4'
1158,'BV|11|2|CO|01|1'
1158,'D|S|12|6|CO|01|_'
1158,'D|S|16|A|DF|04|_'
1159,'BN|79|_|CO|03|B'
1159,'BC|85|1|CO|03|5'
1159,'L|F|90|_|_|1913'
1159,'L|F|90|_|_|6404'
1159,'L|N|90|_|_|7142'
1159,'BI|91|_|CO|03|_'
1159,'BC|91|3|CO|01|5'
1159,'=|L|02|_|DF|__|_'
1159,'Q|P|02|_|CO|04|C'
1159,'L|J|09|_|_|7081'
1159,'Q|P|10|_|CO|04|C'
1159,'BT|10|C|US|17|4'
1159,'BT|11|1|US|__|4'
1159,'D|P|12|6|CO|05|_'
1159,'BT|13|A|SO|__|C'
1159,'L|A|13|C|_|1996'
1159,'BT|13|C|CH|15|_'
1159,'D|P|22|7|CO|03|_'
1159,'BR|24|_|__|__|7'
1175,'=|L|__|_|__|__|_'
1175,'D|S|12|6|YU|01|_'
1176,'D|S|12|6|SI|02|_'
1177,'BN|69|_|GT|27|_'
1177,'BC|83|1|GT|27|_'
1177,'BC|88|3|GT|07|_'
1177,'=|I|__|_|GT|01|_'
1177,'BC|00|7|GT|01|_'
1177,'BW|01|_|GT|64|3'
1177,'Q|M|12|_|GT|01|3'
1177,'BW|12|_|GT|81|5'
1177,'D|S|12|6|GT|09|_'
1177,'Q|C|14|_|GT|01|2'
1177,'D|P|16|A|GT|09|_'
1177,'D|P|17|3|GT|02|_'
1177,'BK|19|_|PU|12|8'
1177,'BK|20|_|GT|12|F'
1177,'S|S|20|8|GT|__|_'
1177,'BT|23|_|GT|23|_'
1177,'D|S|24|7|GT|20|_'
1177,'BW|25|_|GT|35|3'
1178,'D|P|12|6|GT|15|_'
1179,'D|S|12|6|GT|15|_'
1185,'BN|70|_|CO|36|_'
1185,'BC|80|1|CO|08|_'
1185,'BI|96|_|CO|03|_'
1185,'BC|96|5|CO|01|5'
1185,'BE|03|_|DF|20|1'
1185,'BK|10|_|DU|84|2'
1185,'L|C|11|_|_|0059'
1185,'BK|11|A|CO|14|4'
1185,'I|_|12|4|CO|12|4'
1185,'D|P|12|6|CO|02|_'
1185,'BT|12|A|DF|50|4'
1185,'L|R|13|2|_|0059'
1185,'BK|13|2|DF|19|C'
1185,'M|_|14|8|GO|14|B'
1185,'BT|15|3|__|__|8'
1185,'BK|16|_|__|80|8'
1185,'BM|23|A|DF|01|1'
1186,'D|S|12|6|PU|04|_'
1186,'D|S|17|3|PU|04|_'
1186,'D|S|28|7|TL|03|_'
1186,'D|S|29|3|TL|03|_'
1192,'D|S|12|6|VE|04|_'
1192,'L|C|12|B|_|7499'
1192,'=|L|20|_|__|__|_'
1192,'K|_|20|9|VE|20|9'
1192,'I|_|20|B|VE|20|B'
1193,'D|P|12|6|PU|02|_'
1194,'D|S|12|6|CO|03|_'
1195,'=|I|__|_|__|__|_'
1195,'D|S|12|6|NL|03|_'
1196,'D|P|12|6|SL|09|_'
1206,'D|S|12|6|VE|08|_'
1207,'=|D|__|_|__|__|_'
1207,'D|P|12|6|ME|12|_'
1207,'D|S|16|A|ME|12|_'
1207,'D|P|17|3|ME|12|_'
1207,'D|P|18|7|ME|12|O'
1558,'D|S|13|A|GR|07|_'
1570,'D|S|13|A|JA|06|_'
1573,'=|L|__|_|__|__|_'
1573,'S|P|98|7|VE|__|_'
1573,'S|P|02|7|VE|__|_'
1573,'S|P|06|7|VE|__|_'
1573,'S|P|10|6|VE|__|_'
1573,'D|P|13|A|VE|09|0'
1577,'D|P|13|A|MI|07|_'
1584,'D|P|13|A|DF|01|_'
1585,'D|S|13|A|GR|04|_'
1586,'D|S|13|A|DF|12|_'
1587,'D|S|13|A|ME|02|_'
1588,'D|S|13|A|TA|03|_'
1589,'D|S|13|A|JA|08|_'
1590,'D|S|13|A|HI|01|_'
1591,'D|P|13|A|OA|02|_'
1592,'D|S|13|A|MI|08|_'
1593,'D|S|13|A|ZA|03|_'
1594,'D|S|13|A|MI|16|_'
1618,'=|I|__|_|__|__|_'
1618,'BK|11|5|VE|15|2'
1618,'D|P|13|A|VE|20|_'
1619,'D|S|13|A|PU|10|_'
1621,'D|S|13|A|VE|23|_'
1913,'BN|84|_|CO|03|_'
1913,'L|T|84|_|_|7081'
1913,'L|F|85|_|_|1159'
1913,'BF|85|_|CO|__|B'
1913,'BC|92|1|CO|03|5'
1913,'BW|00|_|CO|30|_'
1913,'BQ|11|_|CH|26|4'
1913,'Q|M|12|_|CH|04|2'
1913,'BL|12|4|CH|06|4'
1913,'L|L|13|3|_|9391'
1913,'BL|13|6|LA|06|C'
1913,'BQ|13|7|CO|04|C'
1913,'L|L|13|A|_|9748'
1913,'W|P|13|A|CH|07|C'
1913,'X|_|14|A|_|0000'
1913,'BT|15|1|DF|19|9'
1913,'BT|15|3|__|__|9'
1913,'BR|15|5|__|__|1'
1916,'BV|12|5|CH|28|1'
1916,'BT|12|5|CH|07|4'
1916,'L|M|13|3|_|6489'
1916,'X|_|14|A|_|0000'
1916,'BT|14|A|__|14|B'
1916,'L|X|15|1|_|0000'
1923,'BO|69|_|HI|03|_'
1923,'BN|69|_|HI|10|_'
1923,'BN|69|_|HI|17|_'
1923,'L|I|70|_|_|7043'
1923,'BF|70|1|HI|15|8'
1923,'BC|77|1|HI|04|_'
1923,'BC|80|1|HI|17|5'
1923,'BI|83|_|DF|25|1'
1923,'BC|83|9|DF|01|5'
1923,'W|_|92|_|DF|02|2'
1923,'W|_|94|_|DF|04|_'
1923,'BI|94|_|DF|25|2'
1923,'BI|98|_|DF|13|2'
1923,'BK|01|_|FR|17|_'
1923,'W|_|02|_|FR|04|_'
1923,'BI|04|_|DF|25|2'
1923,'W|_|05|3|DF|05|_'
1923,'W|_|06|1|DF|06|_'
1923,'BK|09|3|FR|17|_'
1923,'BI|12|1|DF|25|3'
1923,'L|G|12|4|_|7081'
1923,'W|_|12|6|DF|07|4'
1923,'Z|_|12|8|G_|13|2'
1923,'N|C|13|_|__|__|_'
1923,'BR|13|2|DF|__|4'
1923,'BA|13|7|DF|__|A'
1923,'BE|13|8|FR|__|_'
1923,'BV|13|A|SO|11|0'
1923,'L|D|14|1|_|0059'
1923,'BV|14|3|CH|01|1'
1923,'L|M|14|3|_|1996'
1923,'BT|14|A|__|14|B'
1923,'X|_|14|A|_|0000'
1923,'BL|15|1|CO|00|B'
1923,'L|X|15|1|_|0000'
1923,'BP|15|1|CO|01|1'
1923,'K|_|15|1|NL|15|2'
1923,'BE|15|B|US|19|3'
1923,'BT|18|C|US|21|_'
1923,'L|M|19|2|_|1996'
1923,'BR|19|B|CH|37|4'
1923,'BM|19|B|CH|01|2'
1928,'X|_|14|A|_|1929'
1928,'D|P|16|A|PU|19|_'
1928,'D|P|17|3|PU|17|_'
1928,'D|P|18|7|GR|07|_'
1930,'L|T|11|3|_|6366'
1930,'L|M|11|4|_|8026'
1930,'BN|11|4|ZA|02|_'
1930,'BT|11|4|ZA|__|4'
1930,'W|R|13|1|ZA|02|4'
1930,'BV|11|4|ZA|02|0'
1930,'BB|13|A|ZA|__|_'
1930,'X|_|14|A|_|0000'
1931,'X|_|14|A|_|1932'
1933,'BN|84|_|CO|12|9'
1933,'BC|00|4|CO|01|5'
1933,'BC|02|4|DF|01|5'
1933,'BC|08|_|EU|__|_'
1933,'BW|10|_|CO|23|_'
1933,'BW|11|A|SL|89|1'
1933,'L|M|13|A|_|2136'
1933,'W|P|13|A|NL|03|C'
1933,'BO|14|6|SL|__|_'
1933,'X|_|14|A|_|1934'
1933,'L|E|14|B|_|1996'
1933,'BM|14|C|DF|__|2'
1944,'BQ|13|A|VE|37|_'
1944,'BQ|13|B|VE|23|C'
1944,'L|M|13|B|_|8047'
1944,'X|_|14|A|_|0000'
1959,'BT|13|3|CO|08|8'
1959,'BW|13|3|CO|02|_'
1959,'BT|13|8|TA|31|C'
1959,'X|_|14|_|_|1960'
1959,'X|_|14|A|_|1960'
1959,'D|P|17|3|BC|02|_'
1959,'D|P|18|7|BC|02|_'
2076,'BF|79|_|CO|70|C'
2076,'BN|79|7|CO|23|4'
2076,'BF|80|1|CO|__|_'
2076,'BC|98|8|CO|01|_'
2076,'BC|99|B|US|__|_'
2076,'BW|00|_|CO|45|C'
2076,'BT|06|_|CO|09|_'
2076,'BT|09|_|CO|__|4'
2076,'L|G|10|_|_|1926'
2076,'BV|10|A|CO|17|_'
2076,'BW|10|A|CO|55|3'
2076,'BV|11|_|CO|__|1'
2076,'L|M|11|_|_|0848'
2076,'BT|12|_|CO|07|8'
2076,'L|M|12|1|_|0848'
2076,'W|I|13|1|CO|04|4'
2076,'BT|13|2|CO|07|8'
2076,'BV|13|2|CO|12|0'
2076,'BW|13|3|CO|05|_'
2076,'BT|13|3|CO|08|8'
2076,'W|_|13|4|CO|06|C'
2076,'BL|13|4|TA|12|8'
2076,'BP|13|5|TA|15|F'
2076,'BP|13|5|TA|14|F'
2076,'BP|13|6|TA|02|_'
2076,'BP|13|6|TA|02|F'
2076,'BL|13|B|SI|11|C'
2076,'BK|14|8|MO|19|C'
2076,'L|X|14|A|_|0000'
2076,'L|E|14|C|_|2061'
2076,'C|_|15|1|GO|15|1'
2076,'BT|15|1|DF|19|9'
2076,'BR|15|9|CO|01|4'
2076,'BE|16|A|US|18|1'
2076,'BA|19|B|DF|08|4'
2076,'BT|20|4|DF|__|8'
2076,'BE|20|6|US|22|5'
2076,'BM|22|6|US|__|3'
2145,'BV|13|_|VE|56|1'
2145,'BQ|13|7|VE|46|C'
2145,'L|J|13|8|_|2078'
2145,'BD|13|B|VE|56|7'
2145,'L|X|14|A|_|0000'
2160,'=|G|__|_|__|__|_'
2160,'BN|83|_|SI|17|_'
2160,'BW|04|_|SI|42|6'
2160,'BT|09|_|SI|__|4'
2160,'BW|10|B|SI|13|3'
2160,'BT|10|B|SI|26|4'
2160,'BL|11|3|SI|00|4'
2160,'BP|11|4|CH|13|3'
2160,'L|E|11|8|_|5568'
2160,'L|E|11|8|_|0485'
2160,'H|_|11|8|SI|11|9'
2160,'BR|11|C|DF|01|4'
2160,'L|E|11|C|_|2057'
2160,'L|G|12|A|_|1996'
2160,'BA|13|3|DF|__|2'
2160,'BT|14|_|MO|__|A'
2160,'X|_|14|A|_|2157'
2160,'L|X|15|1|_|0000'
2160,'BT|15|8|CH|__|B'
2160,'BL|15|A|SI|11|B'
2160,'BD|15|B|SI|06|8'
2160,'BP|15|B|SI|19|D'
2160,'BR|16|1|SO|07|1'
2160,'BR|16|1|SO|08|1'
2160,'BA|17|A|__|07|4'
2160,'BM|18|2|DF|01|3'
2168,'X|_|15|1|_|2166'
2186,'D|P|16|A|JA|12|_'
2186,'D|P|17|3|JA|12|_'
2186,'D|P|18|7|JA|12|_'
2187,'=|L|__|_|__|__|_'
2187,'BN|87|1|CO|02|9'
2187,'L|B|04|_|_|7141'
2187,'L|G|04|_|_|2162'
2187,'BV|04|_|CO|01|2'
2187,'BI|05|_|CO|03|_'
2187,'BC|05|3|CO|01|4'
2187,'L|C|08|_|_|0059'
2187,'BV|10|_|SL|01|9'
2187,'L|K|10|_|_|1489'
2187,'BW|10|_|SL|29|1'
2187,'BI|10|_|SL|04|_'
2187,'BC|10|5|SL|01|5'
2187,'BV|11|8|CO|01|3'
2187,'L|C|11|8|_|0559'
2187,'Q|M|11|C|CO|05|2'
2187,'L|A|13|7|_|0059'
2187,'L|M|14|_|_|2061'
2187,'L|S|14|7|_|1958'
2187,'I|_|14|9|JA|14|B'
2187,'BK|14|B|JA|14|8'
2187,'I|_|15|4|JA|15|4'
2187,'BT|15|4|__|__|_'
2187,'N|_|16|4|GO|16|C'
2187,'D|P|16|A|CO|01|_'
2187,'M|_|16|C|GO|17|5'
2187,'M|_|17|5|GO|20|5'
2187,'L|A|20|5|_|0059'
2200,'BN|90|8|GT|26|_'
2200,'BV|96|_|MI|01|_'
2200,'BC|02|1|MI|01|5'
2200,'BC|07|3|MI|01|_'
2200,'BV|08|_|MI|01|2'
2200,'L|G|08|_|2|765'
2200,'BW|09|_|MI|94|1'
2200,'BW|10|_|MI|29|1'
2200,'BV|10|A|MI|01|B'
2200,'BR|10|B|MI|29|6'
2200,'L|P|12|_|_|0540'
2200,'=|D|14|_|MI|01|_'
2200,'BC|14|6|MI|01|5'
2200,'BK|15|1|MI|11|8'
2200,'BW|15|6|MI|28|1'
2200,'D|P|16|A|MI|18|_'
2200,'D|P|17|3|MI|16|_'
2200,'BW|18|_|DF|21|1'
2200,'D|P|24|7|GT|12|_'
2200,'S|S|30|7|GT|__|_'
2204,'BN|86|_|ZA|08|_'
2204,'BC|98|1|ZA|08|5'
2204,'BC|01|4|ZA|01|5'
2204,'BW|05|_|ZA|23|_'
2204,'BV|05|_|ZA|09|_'
2204,'D|S|16|A|ZA|08|0'
2210,'D|S|16|A|VE|04|_'
2210,'D|S|17|3|VE|04|_'
2211,'BK|15|5|SI|11|8'
2211,'D|S|16|A|SI|04|_'
2213,'BN|66|_|MI|12|_'
2213,'BC|78|1|MI|12|_'
2213,'BC|82|3|DF|10|5'
2213,'BC|05|6|DF|01|5'
2213,'BW|16|_|__|21|_'
2213,'D|P|16|A|MI|12|_'
2213,'D|P|17|3|MI|12|_'
2214,'BN|92|3|SO|45|_'
2214,'BC|04|1|SO|__|_'
2214,'BW|05|_|SO|70|_'
2214,'BV|08|_|DF|01|_'
2214,'BW|11|_|DF|29|1'
2214,'BI|11|_|DF|09|_'
2214,'BV|11|4|DF|01|B'
2214,'BT|11|4|DF|__|4'
2214,'=|I|12|_|DF|__|_'
2214,'BW|12|_|SO|65|D'
2214,'BC|12|7|DF|01|_'
2214,'L|S|13|_|_|7072'
2214,'L|A|14|8|_|0059'
2214,'BK|14|C|VE|12|8'
2214,'L|C|15|_|_|6012'
2214,'L|S|15|5|_|8095'
2214,'BT|15|6|__|__|8'
2214,'BT|15|9|SO|55|8'
2214,'D|S|16|A|SO|07|_'
2214,'BW|18|_|SO|40|D'
2214,'D|P|20|8|SO|06|_'
2214,'BW|21|_|AC|80|_'
2214,'BW|22|_|AC|80|_'
2215,'BV|84|1|MI|01|1'
2215,'BV|14|9|MI|__|0'
2215,'D|P|16|A|JA|17|_'
2216,'D|S|16|A|TE|04|_'
2228,'D|S|16|A|NL|05|O'
2550,'D|S|17|3|DF|07|_'
2554,'BN|89|B|TB|09|_'
2554,'L|O|__|_|_|6144'
2554,'BC|01|1|TB|09|_'
2554,'BC|05|2|TB|09|5'
2554,'BC|07|3|DF|01|5'
2554,'BV|09|6|TB|09|9'
2554,'BT|09|7|TB|04|4'
2554,'BT|10|4|DF|38|4'
2554,'BR|10|6|DF|29|4'
2554,'L|M|11|4|_|8087'
2554,'W|_|13|4|TB|03|C'
2554,'BV|13|4|TB|13|1'
2554,'BR|13|5|TB|03|4'
2554,'BA|13|6|TB|03|6'
2554,'BQ|13|A|TB|15|C'
2554,'W|P|13|A|TB|04|C'
2554,'W|P|14|9|TB|06|C'
2554,'L|M|15|3|_|0000'
2554,'BQ|15|3|YU|20|8'
2554,'D|P|17|3|DF|05|_'
2554,'Q|C|20|_|JA|05|F'
2554,'D|P|20|8|DF|13|_'
2554,'W|_|24|6|__|08|F'
2554,'Z|_|30|4|EM|__|_'
2557,'L|T|00|_|_|8112'
2557,'I|H|13|C|AG|14|1'
2557,'D|P|17|3|ZA|05|_'
2557,'G|_|20|C|AG|24|B'
2566,'BN|92|_|CP|02|1'
2566,'=|L|17|_|__|__|_'
2566,'D|P|17|3|CP|02|0'
2566,'Q|C|18|_|CP|02|2'
2566,'D|P|18|7|CP|02|_'
2566,'L|A|20|5|_|0059'
2571,'D|P|17|3|DU|03|0'
2581,'D|P|17|3|GR|01|_'
2582,'D|S|17|3|QU|01|_'
2583,'D|S|17|3|QU|03|_'
2584,'D|S|17|3|SL|16|_'
2585,'BT|05|_|JA|34|_'
2585,'BT|09|C|JA|04|4'
2585,'D|P|17|3|JA|23|_'
2585,'D|P|18|7|JA|23|_'
2585,'D|S|18|7|DF|05|_'
2586,'BW|14|_|YU|52|1'
2586,'BV|14|_|YU|01|4'
2586,'BK|16|_|YU|11|8'
2586,'BO|16|6|YU|__|_'
2586,'D|S|17|3|YU|06|_'
2586,'D|P|18|7|YU|08|_'
2586,'D|P|20|8|YU|05|_'
2598,'D|P|17|3|MI|09|0'
2598,'D|S|20|8|MI|09|_'
2889,'=|L|__|_|__|__|_'
2889,'D|S|17|3|YU|01|_'
2889,'D|P|20|8|YU|06|_'
2889,'H|_|21|2|YU|22|2'
2904,'D|S|18|7|CH|01|_'
2916,'BN|80|_|JA|40|_'
2916,'BW|15|_|JA|38|_'
2916,'D|P|18|7|JA|22|_'
2916,'D|S|24|7|JA|06|_'
2916,'D|P|26|7|JA|07|_'
2916,'D|P|28|7|JA|22|_'
2916,'S|S|28|7|JA|__|_'
2916,'D|P|29|3|JA|22|_'
2917,'D|S|18|7|HI|04|_'
2918,'D|S|18|7|VE|08|_'
2919,'D|P|18|7|CP|12|_'
2919,'D|S|24|7|CP|02|_'
2920,'BN|90|_|MI|15|4'
2920,'BI|06|_|MI|01|_'
2920,'BC|06|_|MI|01|_'
2920,'BW|10|9|MI|29|1'
2920,'BV|10|A|MI|01|B'
2920,'BR|10|B|MI|29|6'
2920,'L|U|12|_|_|0548'
2920,'BW|13|_|DF|29|1'
2920,'L|M|14|_|_|2151'
2920,'BL|14|_|MI|__|_'
2920,'D|P|18|7|MI|09|_'
2920,'BM|21|_|MI|01|A'
2922,'D|S|18|7|JA|08|_'
2928,'D|S|18|7|SL|16|_'
2929,'D|S|18|7|ZA|09|_'
2929,'I|_|23|B|ZA|23|B'
2929,'H|_|28|3|ZA|28|9'
2929,'I|_|28|C|ZA|28|C'
2929,'D|P|30|7|ZA|09|_'
2933,'D|S|18|7|VE|02|_'
2934,'D|S|18|7|NL|03|_'
2935,'D|S|18|7|JA|16|0'
2936,'D|P|18|7|ZA|05|_'
2936,'D|P|20|8|ZA|05|_'
2937,'D|S|18|7|VE|20|_'
2949,'D|S|18|7|SL|09|_'
3234,'BN|5_|_|__|__|_'
3234,'BW|09|_|TB|34|_'
3234,'=|L|12|_|TB|01|_'
3234,'BW|13|_|TB|81|8'
3234,'L|S|15|2|_|1412'
3234,'BW|17|_|DF|34|1'
3234,'D|P|18|7|TB|01|_'
3242,'D|S|18|_|BC|01|_'
3260,'D|S|20|8|ME|01|_'
3268,'L|P|__|_|_|2554'
3268,'L|P|__|_|_|8109'
3268,'BT|02|7|TB|05|_'
3268,'BV|02|7|TB|09|9'
3268,'BT|09|7|TB|04|4'
3268,'=|I|10|_|__|__|_'
3268,'BT|10|A|TB|04|4'
3268,'BV|10|C|TB|09|7'
3268,'BV|11|4|TB|16|0'
3268,'Q|M|11|8|TB|__|6'
3268,'BR|13|4|TB|16|4'
3268,'BA|13|8|TB|__|6'
3268,'BB|19|_|TB|08|_'
3268,'Q|C|19|2|TB|09|6'
3268,'D|P|20|8|TB|03|_'
3284,'D|S|20|8|TA|03|_'
3285,'BN|94|_|TL|20|_'
3285,'BI|10|_|PU|05|_'
3285,'BC|10|7|PU|01|5'
3285,'BV|10|7|PU|01|6'
3285,'=|L|15|_|PU|__|_'
3285,'BK|20|_|TL|11|F'
3285,'D|P|20|8|TL|01|_'
3285,'D|P|28|7|TL|03|_'
3285,'D|P|29|3|TL|03|_'
3286,'D|S|20|8|BC|02|_'
3288,'=|L|__|_|YU|__|_'
3288,'BN|80|_|YU|01|1'
3288,'D|S|20|8|YU|01|_'
3288,'D|P|22|7|DF|16|_'
3288,'BT|23|_|__|__|D'
3289,'D|S|20|8|ME|17|_'
3292,'D|P|20|8|GT|07|_'
3292,'D|P|22|7|GT|10|_'
3292,'D|P|24|7|GT|11|_'
3292,'G|_|27|9|GT|31|9'
3296,'D|S|20|8|MO|02|_'
3300,'D|S|20|B|JA|09|_'
3301,'D|S|20|B|OA|03|_'
3314,'D|P|20|8|YU|10|_'
3620,'D|S|22|7|GT|06|_'
3620,'D|P|24|7|GT|06|_'
3620,'S|P|28|7|GT|__|_'
3632,'D|S|22|7|GR|05|_'
3633,'D|S|22|7|DU|09|_'
3633,'D|S|24|7|VE|07|_'
3633,'D|P|26|7|DU|09|_'
3634,'S|P|18|7|MO|__|_'
3634,'D|P|22|7|MO|03|_'
3635,'D|P|22|7|HI|07|_'
3636,'BN|97|_|HI|08|_'
3636,'BC|20|_|HI|07|5'
3636,'=|L|22|_|__|__|_'
3636,'=|L|22|_|DF|__|_'
3637,'D|S|22|7|HI|12|_'
3647,'D|S|22|7|TA|06|_'
3648,'BL|15|B|GR|12|C'
3648,'D|P|22|7|JA|11|_'
3648,'H|_|27|2|JA|27|4'
3649,'D|S|22|7|GT|17|_'
3650,'X|_|15|1|_|1953'
3650,'D|P|22|7|OA|10|_'
3662,'D|P|22|7|YU|08|_'
3662,'H|_|24|5|YU|24|5'
3663,'D|P|22|7|CO|07|_'
3663,'D|P|24|7|CO|01|_'
3980,'D|S|24|7|JA|24|_'
4001,'D|S|24|6|VE|08|_'
4002,'BN|90|_|HI|__|_'
4002,'L|T|91|_|_|1923'
4002,'BC|00|1|HI|17|_'
4002,'BK|15|6|CP|19|B'
4002,'D|S|24|7|HI|07|_'
4003,'D|S|24|7|HI|12|_'
4004,'D|S|24|7|CA|04|_'
4005,'D|P|24|7|DU|01|_'
4006,'BW|14|6|CH|22|_'
4006,'BK|14|C|CH|11|8'
4006,'D|P|27|6|GT|10|_'
4007,'D|P|24|7|HI|11|_'
4008,'D|P|24|7|TL|02|_'
4011,'D|P|24|7|TE|01|_'
4020,'D|P|24|7|ZA|02|_'
4020,'H|_|25|C|ZA|26|4'
4020,'S|P|26|7|ZA|__|_'
4020,'S|P|30|7|ZA|__|_'
4021,'D|S|24|7|SI|08|_'
4022,'D|S|24|7|CP|15|_'
4022,'D|P|26|7|CP|17|_'
4022,'D|P|28|7|CP|01|_'
4022,'D|P|29|3|CP|01|_'
4035,'D|S|24|7|VE|29|_'
4036,'D|S|24|7|TA|01|_'
4360,'BN|94|6|MI|40|_'
4360,'BI|04|1|MI|01|_'
4360,'BC|04|1|MI|01|_'
4360,'BW|10|_|MI|28|_'
4360,'W|P|15|_|__|05|_'
4360,'BT|15|8|__|__|8'
4360,'BR|16|1|__|05|8'
4360,'D|P|26|7|MI|15|_'
4360,'D|P|28|7|MI|15|_'
4360,'D|P|29|3|MI|15|_'
4379,'BD|16|A|OA|__|8'
4379,'D|P|26|7|GR|04|_'
4379,'D|P|28|7|PU|25|_'
4379,'D|P|29|3|PU|25|_'
4379,'S|P|30|7|PU|__|_'
4380,'D|S|26|7|SL|18|_'
4381,'D|S|26|7|PU|09|_'
4382,'D|S|26|7|OA|14|_'
4382,'D|P|28|7|PU|04|_'
4382,'D|P|29|3|PU|04|_'
4382,'D|P|30|7|PU|11|_'
4383,'D|P|26|7|VE|08|_'
4384,'D|S|26|7|ZA|01|_'
4385,'D|P|26|7|DU|11|_'
4385,'D|P|28|7|DU|11|_'
4385,'D|P|29|3|DU|11|_'
4387,'D|P|26|7|ME|12|_'
4387,'D|P|28|7|ME|11|_'
4387,'D|P|29|3|ME|11|_'
4387,'D|P|30|7|ME|21|_'
4388,'D|P|26|7|HI|12|_'
4388,'D|P|28|7|HI|12|_'
4388,'D|P|29|3|HI|12|_'
4392,'D|P|26|7|OA|14|_'
4398,'D|S|26|7|GT|20|_'
4399,'D|S|26|7|OA|07|_'
4400,'D|S|26|7|PU|07|_'
4400,'D|S|28|7|TL|01|_'
4400,'D|S|29|3|TL|01|_'
4400,'D|S|30|7|TL|04|_'
4401,'D|P|26|7|MI|04|_'
4401,'H|_|30|9|CN|30|C'
4402,'D|S|26|7|HI|09|_'
4402,'D|S|28|7|HI|09|0'
4402,'D|S|29|3|HI|09|_'
4403,'L|S|16|8|_|2157'
4403,'D|S|26|7|DF|02|_'
4403,'D|P|28|7|ME|10|_'
4403,'BM|29|_|__|__|_'
4403,'D|P|29|3|ME|10|_'
4407,'D|S|26|7|OA|02|_'
4408,'BT|11|4|TB|__|4'
4408,'BR|13|4|TB|__|4'
4408,'BA|13|8|TB|__|6'
4408,'BW|14|7|TB|19|C'
4408,'D|P|26|7|TB|05|_'
4408,'S|P|28|7|TB|OO|_'
4409,'BV|10|B|CH|30|1'
4409,'L|M|10|B|_|6499'
4409,'BT|10|B|CH|__|4'
4409,'BV|13|4|CH|48|1'
4409,'D|S|26|7|CH|11|_'
4410,'D|P|26|7|NL|05|_'
4730,'Z|_|23|A|EP|__|_'
4749,'D|S|28|7|MI|05|_'
4749,'D|S|29|3|MI|05|_'
4750,'D|S|28|7|MI|16|_'
4750,'D|S|29|8|MI|16|_'
4750,'BF|__|_|JA|38|8'
4751,'D|P|28|7|HI|09|_'
4751,'D|P|29|3|HI|09|_'
4762,'D|S|28|7|NL|09|_'
4762,'D|S|29|3|NL|09|_'
4763,'D|P|28|7|SI|01|_'
4763,'D|P|29|3|SI|01|_'
4763,'D|S|30|7|SI|02|_'
5060,'BN|81|_|CH|56|_'
5060,'BV|90|_|SO|03|_'
5060,'L|K|93|_|_|0206'
5060,'BV|95|_|CH|31|_'
5060,'BW|03|_|DF|76|1'
5060,'BH|10|_|SO|76|C'
5060,'BV|10|1|SO|02|9'
5060,'BT|10|1|SO|04|4'
5060,'L|J|10|1|_|7067'
5060,'L|M|11|5|_|2057'
5060,'BN|__|_|DU|12|5'
5060,'D|S|30|7|SI|01|_'
5061,'D|S|30|7|CA|04|_'
5062,'D|S|30|7|CP|13|_'
5071,'D|S|30|7|SO|08|_'
5072,'D|S|30|7|TA|02|_'
5073,'D|P|30|7|CH|01|_'
5077,'D|S|30|7|SO|05|_'
5078,'D|S|30|7|SL|09|_'
5079,'D|P|30|7|CA|04|_'
5226,'D|P|30|7|GR|11|_'
5236,'X|_|15|1|_|2126'
5246,'X|_|15|1|_|5245'
5263,'BT|09|C|CO|04|4'
5263,'BV|10|B|CO|05|1'
5263,'L|X|15|1|_|0000'
5263,'BT|15|3|__|__|E'
5277,'BV|10|7|CH|30|6'
5277,'X|_|15|1|_|5276'
5298,'BN|79|_|MO|16|8'
5298,'L|M|11|2|_|8173'
5298,'BT|11|2|MO|__|4'
5298,'W|P|11|B|MO|06|A'
5298,'BT|11|B|PU|59|A'
5298,'BQ|13|9|GR|25|A'
5298,'BP|13|C|GR|25|_'
5298,'L|X|15|1|_|0000'
5298,'BL|16|A|MO|00|A'
5298,'BL|19|1|MO|__|A'
5298,'BR|19|C|MO|__|2'
5298,'BT|20|5|MO|62|F'
5366,'BK|72|6|OA|16|_'
5366,'S|P|96|7|ZA|__|_'
5377,'BN|__|_|GT|03|_'
5377,'BC|07|9|DF|01|5'
5377,'W|F|10|_|__|02|_'
5377,'L|L|14|7|_|9348'
5377,'BR|14|8|DF|05|B'
5377,'BW|14|C|JA|22|_'
5377,'L|M|16|_|_|7076'
5377,'BR|20|_|__|06|B'
5377,'BW|20|_|__|22|_'
5377,'BA|23|3|__|06|4'
5377,'BL|23|C|__|__|F'
5377,'H|_|24|1|__|07|_'
5377,'BL|24|1|VE|__|F'
5377,'Z|_|24|C|AR|__|_'
5426,'BN|43|_|ZA|24|_'
5426,'BL|59|_|ZA|__|_'
5426,'BT|60|_|ZA|70|_'
5426,'BT|63|_|__|71|_'
5426,'L|M|80|_|_|6744'
5426,'W|P|80|_|ZA|72|_'
5426,'G|_|80|9|ZA|84|9'
5426,'L|E|82|9|_|6744'
5426,'=|G|84|_|__|__|_'
5426,'Z|_|84|_|ZT|__|_'
5426,'G|_|88|9|ZA|00|9'
5426,'S|S|98|7|CA|__|_'
5426,'L|T|00|_|_|5426'
5426,'S|P|00|7|GR|__|_'
5426,'S|P|04|7|GR|__|_'
5426,'A|P|10|C|ZA|__|_'
5426,'A|_|__|_|ZA|13|5'
5426,'Y|_|13|6|DC|__|_'
5426,'Z|I|13|6|DC|__|_'
5426,'S|P|13|A|SL|__|_'
5426,'W|_|14|_|__|08|7'
5510,'BO|45|_|CA|03|_'
5510,'BC|52|2|CA|01|2'
5510,'BI|59|_|CA|07|_'
5510,'BC|59|5|CA|01|5'
5510,'=|L|62|_|CA|01|_'
5510,'BE|63|_|TA|__|_'
5510,'BK|64|_|TA|14|_'
5510,'D|P|67|_|__|__|_'
5510,'D|P|69|_|DF|__|_'
5510,'G|_|71|1|CA|77|1'
5510,'BH|75|_|DF|__|D'
5510,'BT|76|_|__|__|_'
5510,'G|_|83|9|CA|87|9'
5510,'BT|94|_|__|25|2'
5510,'L|E|01|_|_|7049'
5510,'S|P|08|7|ME|__|_'
5510,'BM|09|_|DF|01|1'
5510,'BN|40|_|YU|01|1'
5510,'BF|40|1|YU|07|_'
5458,'S|S|02|7|CA|__|_'
5458,'S|P|06|7|CA|__|_'
5458,'J|_|08|A|__|__|_'
5458,'S|P|13|A|PU|__|_'
5458,'M|_|14|7|RE|14|7'
5531,'=|L|__|_|__|__|_'
5531,'BV|03|4|NL|01|B'
5531,'S|S|10|5|NL|__|_'
5568,'BM|57|A|DF|01|1'
5568,'BN|63|2|SI|05|3'
5568,'BC|90|7|US|__|_'
5568,'=|I|92|_|US|__|_'
5568,'Q|P|00|_|SI|01|8'
5568,'L|U|09|_|_|0132'
5568,'BT|10|1|SI|04|4'
5568,'BR|10|5|SI|28|4'
5568,'BA|10|B|SI|__|A'
5568,'M|M|11|5|CM|11|5'
5568,'H|_|11|5|SI|11|6'
5568,'M|M|11|5|CM|__|_'
5568,'M|_|11|5|CM|12|B'
5568,'S|P|12|6|SI|__|_'
5568,'M|_|12|B|FM|13|2'
5568,'BT|13|3|DF|__|7'
5568,'BA|13|3|DF|__|2'
5568,'BR|13|3|DF|01|4'
5568,'BK|14|6|CH|11|8'
5568,'BK|14|7|CO|19|8'
5568,'BT|14|A|__|15|8'
5568,'BW|14|C|CH|22|_'
5568,'S|S|24|7|SI|__|_'
5590,'BH|07|_|MO|30|A'
5590,'BT|08|_|MO|__|1'
5590,'BT|09|4|MO|25|1'
5590,'S|P|13|A|MO|__|_'
5590,'BR|14|A|DF|__|_'
5676,'BN|74|_|CL|01|1'
5676,'BC|84|1|CL|01|_'
5676,'BC|86|1|SI|02|_'
5676,'=|D|00|_|JA|01|_'
5676,'S|S|18|7|JA|__|_'
5593,'BN|72|_|TA|01|A'
5593,'W|_|89|_|__|02|_'
5593,'BC|89|9|DF|01|5'
5593,'W|_|09|_|__|05|_'
5593,'BT|12|3|SI|02|4'
5593,'S|P|13|A|TA|__|_'
5593,'BR|15|A|__|__|E'
5593,'BA|23|B|__|__|4'
5639,'S|S|17|3|NL|__|_'
5639,'S|S|18|7|NL|__|_'
5672,'S|S|18|7|VE|__|_'
5740,'S|P|24|7|QU|__|_'
5740,'G|_|27|9|QU|29|6'
5771,'G|_|21|1|TL|25|1'
5771,'S|P|26|7|TL|__|_'
5774,'S|P|26|7|QU|__|_'
5800,'S|P|28|7|TE|__|_'
5800,'H|_|29|A|TE|29|C'
5802,'BW|13|5|SI|29|_'
5802,'BR|13|6|SI|__|4'
5802,'S|S|28|7|SI|__|_'
6107,'BN|54|_|OA|16|8'
6107,'BC|66|1|OA|16|_'
6107,'BC|80|9|DF|01|5'
6107,'=|I|86|_|DF|O1|_'
6107,'W|_|86|_|DF|02|_'
6107,'BL|12|_|MO|__|4'
6107,'W|_|13|2|DF|07|7'
6107,'Z|_|13|3|IG|13|B'
6107,'H|_|16|B|ZA|14|2'
6107,'Z|_|13|B|ZA|14|3'
6107,'BW|20|_|TA|22|A'
6132,'H|_|20|4|TE|20|6'
6166,'I|_|28|3|NL|28|8'
6166,'I|_|28|8|NL|29|3'
6166,'I|_|30|2|NL|31|9'
6169,'H|_|13|9|MO|13|A'
6175,'I|_|29|1|MI|29|9'
6190,'=|L|16|_|__|__|_'
6190,'I|_|16|A|GT|16|B'
6190,'I|_|16|C|GT|16|C'
6204,'BN|62|_|SI|02|_'
6204,'BW|80|_|SI|23|_'
6204,'BW|82|_|CL|23|_'
6204,'BK|88|_|CL|14|2'
6204,'I|_|00|B|CL|00|C'
6204,'BK|10|_|CL|14|2'
6204,'BK|13|A|CL|14|7'
6204,'BM|18|_|CL|01|1'
6210,'Q|C|16|5|CA|01|2'
6210,'H|_|20|5|CA|20|7'
6210,'G|_|21|1|CA|21|2'
6282,'A|I|09|9|GR|__|_'
6299,'L|F|00|_|_|2072'
6299,'BV|10|B|DU|18|1'
6299,'BT|10|B|DU|__|4'
6299,'W|P|19|_|__|07|8'
6299,'Y|_|19|4|CV|__|_'
6306,'BQ|15|1|OA|24|8'
6306,'BT|16|2|__|__|8'
6306,'BK|19|_|AS|18|8'
6306,'Z|P|19|4|PI|19|7'
6306,'BK|21|_|OA|14|F'
6301,'BE|__|_|__|__|_'
6301,'BN|__|_|TB|__|_'
6301,'BT|11|_|__|__|4'
6301,'W|P|19|_|TB|07|8'
6301,'Y|_|19|4|CV|__|_'
6301,'BO|19|5|__|__|_'
6301,'Z|_|20|_|IS|__|_'
6301,'BE|20|6|AC|__|_'
6301,'BM|27|_|VE|__|2'
6322,'Z|P|19|7|QU|__|_'
6361,'Z|_|25|1|CT|__|_'
6366,'L|M|11|4|_|8026'
6366,'BV|11|4|ZA|02|0'
6366,'L|M|11|4|_|2058'
6366,'BT|11|4|ZA|__|4'
6366,'L|J|13|5|_|3360'
6366,'W|_|13|6|JA|07|C'
6366,'BP|13|6|JA|25|_'
6366,'BV|13|6|JA|__|1'
6366,'BP|13|7|ZA|20|C'
6366,'BP|13|7|JA|17|_'
6366,'L|J|13|A|_|1937'
6366,'BP|13|A|JA|30|_'
6366,'W|_|23|5|__|08|F'
6385,'Z|_|23|A|EP|__|_'
6396,'BN|88|8|TL|08|8'
6396,'BC|97|1|TL|08|5'
6396,'BW|98|_|TL|47|8'
6396,'BW|08|_|TL|51|8'
6396,'BW|10|_|TL|66|_'
6396,'BT|10|8|TL|04|4'
6396,'BV|10|9|TL|06|E'
6396,'BV|10|9|TL|08|E'
6396,'BR|10|9|TL|__|4'
6396,'BA|10|A|TL|__|3'
6396,'L|G|11|_|_|8128'
6396,'L|M|11|1|_|8121'
6396,'L|U|12|A|_|2348'
6396,'BV|13|_|TL|__|1'
6396,'L|M|13|2|_|8121'
6396,'L|M|13|A|_|8221'
6396,'L|E|14|8|_|2102'
6396,'W|_|14|8|TL|06|C'
6396,'BT|14|A|TL|07|C'
6396,'BT|14|B|TL|07|A'
6396,'BL|15|_|TL|07|A'
6396,'L|E|15|1|_|2051'
6396,'BT|16|C|TL|62|8'
6396,'W|_|16|C|TL|08|8'
6396,'BT|16|C|TL|__|8'
6396,'BM|17|8|PU|__|8'
6404,'L|F|90|_|_|1913'
6404,'L|F|90|_|_|1159'
6404,'L|S|14|_|_|1996'
6404,'BT|14|A|__|15|8'
6404,'BR|15|_|__|__|7'
6438,'L|M|12|2|_|1996'
6438,'L|M|16|3|_|1996'
6438,'BT|16|4|__|__|_'
6439,'BT|16|4|__|__|B'
6446,'BT|14|A|__|14|8'
6446,'BR|15|C|CH|07|2'
6457,'BN|66|_|DU|18|3'
6457,'L|F|00|_|_|2072'
6457,'BV|10|B|DU|18|1'
6457,'BT|10|B|DU|__|4'
6457,'W|R|11|7|DU|06|4'
6457,'BQ|13|_|SI|01|C'
6457,'BV|13|3|DU|18|1'
6457,'BT|14|9|DU|__|8'
6457,'BT|14|A|__|14|8'
6497,'BT|09|_|__|09|5'
6497,'BN|__|_|CH|10|_'
6497,'BV|10|B|CH|29|1'
6497,'L|E|11|1|_|6508'
6497,'BP|11|2|SO|09|_'
6497,'BP|11|2|SO|29|3'
6497,'BP|11|2|SO|28|_'
6497,'BP|11|2|SO|27|3'
6497,'BD|11|3|SO|33|2'
6497,'BL|11|3|SO|__|_'
6497,'BT|11|7|CH|07|4'
6497,'BW|11|7|CH|07|F'
6497,'Q|M|12|_|DF|08|3'
6497,'BL|12|6|SO|02|4'
6497,'BR|13|1|DF|__|4'
6497,'L|M|13|A|_|2061'
6497,'BP|13|A|SI|55|_'
6497,'W|P|13|A|SI|07|C'
6497,'BN|__|_|CH|29|5'
6511,'BN|89|_|CO|01|1'
6511,'W|_|13|5|TA|02|C'
6511,'BU|13|5|__|20|4'
6511,'L|M|13|5|_|9442'
6511,'W|_|13|9|TA|03|C'
6511,'W|_|14|4|NL|04|C'
6511,'W|_|14|C|PU|05|8'
6511,'W|_|15|7|AG|06|B'
6511,'L|M|15|8|_|9443'
6511,'W|_|20|5|VE|07|8'
6511,'Q|O|20|7|PU|08|B'
6511,'BU|21|5|__|22|C'
6511,'Z|_|26|B|CY|__|_'
6710,'BT|57|_|JA|70|_'
6710,'A|_|59|_|DU|__|_'
6710,'BO|59|5|DU|__|_'
6710,'BT|66|_|QU|71|_'
6710,'W|_|67|_|GR|08|_'
6710,'G|_|68|_|GR|__|_'
6710,'G|_|85|3|GR|93|6'
6710,'BR|93|6|GR|__|F'
6710,'BM|03|_|DF|01|1'
6710,'BN|31|_|JA|01|1'
6731,'L|H|80|_|_|7373'
6731,'BT|09|9|PU|25|1'
6731,'H|_|29|1|PU|29|2'
7002,'D|S|30|7|HI|11|_'
7044,'BN|49|_|MI|01|1'
7044,'BT|68|_|__|71|_'
7044,'BI|74|_|MI|01|_'
7044,'BC|74|_|MI|01|5'
7044,'W|_|77|_|MI|02|_'
7044,'A|_|12|1|GR|__|_'
7044,'A|_|12|B|ME|__|_'
7044,'BT|13|1|ME|26|_'
7044,'W|P|13|2|__|08|7'
7044,'Z|_|13|2|MX|13|6'
7044,'W|_|13|3|DF|09|7'
7044,'M|_|13|6|GM|14|7'
7044,'BT|13|A|__|30|7'
7044,'BE|14|8|AC|18|_'
7044,'BT|18|_|VE|__|E'
7044,'BM|19|4|VE|__|4'
7072,'BN|58|2|SI|05|3'
7072,'BC|80|7|US|02|_'
7072,'BV|86|_|SO|04|_'
7072,'BH|86|_|SO|35|B'
7072,'L|G|87|_|_|7225'
7072,'BK|87|_|SO|__|2'
7072,'L|G|87|_|_|8055'
7072,'BK|89|_|SO|15|2'
7072,'BW|95|_|SO|35|3'
7072,'L|E|00|_|_|6007'
7072,'=|I|00|_|__|__|_'
7072,'Q|P|00|_|SO|04|3'
7072,'BT|10|1|SO|04|4'
7072,'BV|10|1|SO|11|9'
7072,'L|G|11|7|_|1434'
7072,'L|G|11|7|_|1946'
7072,'Q|M|11|9|SO|04|6'
7072,'L|E|12|6|_|2087'
7072,'M|_|14|8|CM|17|5'
7072,'BK|16|_|US|19|8'
7072,'BK|17|2|US|80|8'
7072,'BR|20|5|VE|__|4'
7072,'L|A|20|5|_|0059'
7072,'BE|21|_|US|48|_'
7076,'BN|91|5|GR|19|_'
7076,'BC|03|1|GR|19|_'
7076,'BC|05|2|PU|24|3'
7076,'BW|09|_|PU|29|1'
7076,'BI|09|_|PU|05|_'
7076,'BT|09|6|PU|24|3'
7076,'L|U|10|_|_|8129'
7076,'BW|10|_|PU|29|1'
7076,'BF|10|_|GR|78|_'
7076,'BT|10|4|PU|04|4'
7076,'BE|10|C|US|11|_'
7076,'Q|M|11|4|MO|__|4'
7076,'L|J|11|8|_|2157'
7076,'BT|13|3|DF|62|7'
7076,'BL|14|4|CO|09|7'
7076,'BT|14|9|VE|62|A'
7076,'BT|16|3|OA|20|0'
7076,'BT|16|5|VE|62|E'
7076,'BL|18|3|NL|03|E'
7076,'BT|20|_|__|62|F'
7076,'W|_|21|3|__|09|_'
7076,'Y|_|22|B|ZG|23|1'
7076,'Z|_|23|1|PT|__|_'
7076,'Z|_|__|_|TC|23|3'
7076,'Z|_|26|1|NT|__|_'
7076,'Z|_|__|_|LT|29|6'
7076,'M|_|30|2|CM|31|A'
7110,'H|_|00|6|CS|02|9'
7110,'H|_|02|9|CN|03|2'
7118,'BN|81|_|NL|03|_'
7118,'BC|96|9|DF|01|5'
7118,'W|P|11|1|CN|04|2'
7118,'W|I|13|A|CN|04|7'
7118,'W|P|14|_|CN|06|7'
7118,'BJ|14|A|CN|__|B'
7118,'T|_|14|C|CN|20|8'
7118,'BT|15|1|CN|__|B'
7118,'BT|15|C|CN|__|B'
7118,'BE|20|8|US|__|_'
7127,'H|_|15|_|CS|16|A'
7127,'W|P|15|_|CS|04|8'
7130,'G|_|20|8|CS|24|9'
7181,'I|_|26|9|CL|26|A'
7181,'I|_|26|8|CL|26|C'
7181,'I|_|27|5|CL|27|5'
7181,'I|_|28|_|CL|28|_'
7181,'I|_|29|_|CL|29|_'
7214,'BN|89|_|CH|38|6'
7214,'=|I|17|_|DF|01|_'
7214,'L|C|18|_|_|7011'
7214,'BK|18|_|CH|10|8'
7214,'BW|18|_|QU|22|_'
7214,'BK|18|_|CH|14|8'
7214,'L|C|18|B|_|7011'
7214,'I|_|19|2|CH|19|3'
7214,'I|_|19|7|CH|19|8'
7214,'I|_|19|9|CH|19|4'
7214,'I|_|20|1|CH|20|1'
7214,'H|_|20|2|CH|20|3'
7224,'BN|__|_|VE|__|_'
7224,'BF|__|_|CH|__|_'
7224,'BN|94|_|VE|09|A'
7224,'BC|05|1|VE|01|4'
7224,'BW|12|_|__|70|_'
7224,'L|M|13|_|_|6392'
7224,'BL|13|_|CH|__|7'
7224,'I|_|25|A|CH|25|B'
7224,'BM|29|_|CH|01|1'
7227,'BN|85|_|CH|27|3'
7227,'BW|10|_|CH|40|_'
7227,'BV|10|B|CH|27|1'
7227,'L|M|10|B|_|6491'
7227,'L|M|10|C|_|6500'
7227,'W|_|11|5|CH|06|4'
7227,'BW|11|7|CH|06|1'
7227,'BT|11|7|CH|07|4'
7227,'BT|12|3|CH|07|6'
7227,'BL|12|9|CO|__|6'
7227,'BL|13|1|CH|11|6'
7227,'BT|13|3|CH|07|7'
7227,'W|I|13|3|CH|07|7'
7227,'BQ|13|5|CO|26|7'
7227,'W|I|13|7|CH|07|7'
7227,'L|M|13|9|_|7210'
7227,'BP|13|A|CH|08|_'
7227,'W|_|13|B|CH|08|7'
7227,'BE|16|_|US|__|_'
7227,'BR|17|_|DF|__|4'
7227,'BL|18|3|VE|__|E'
7227,'L|J|18|4|_|2157'
7227,'BB|19|_|VE|16|_'
7227,'L|E|19|6|_|6419'
7227,'BT|20|6|__|62|F'
7227,'Z|_|22|B|WM|__|_'
7227,'Z|_|__|_|WM|24|9'
7227,'Z|P|24|B|WD|25|3'
7227,'Z|_|25|3|CH|28|1'
7227,'G|_|28|A|CH|29|3'
7227,'H|E|29|3|CH|29|4'
7250,'BN|__|_|GT|07|_'
7250,'=|L|11|_|__|__|_'
7250,'H|_|11|5|GT|11|6'
7250,'BT|11|A|GT|32|_'
7268,'BW|__|_|GR|46|6'
7268,'BF|__|_|GR|46|E'
7268,'BN|57|_|GR|21|_'
7268,'BW|90|_|GR|41|_'
7268,'BW|91|_|GR|60|_'
7268,'BW|92|_|GR|77|_'
7268,'L|M|93|_|_|8319'
7268,'BV|93|3|GR|__|1'
7268,'BT|09|_|GR|__|9'
7268,'BW|10|_|GR|40|_'
7268,'BV|11|_|GR|21|1'
7268,'BT|11|4|GR|__|4'
7268,'BP|11|5|GR|06|1'
7268,'L|L|11|6|_|9410'
7268,'L|L|11|7|_|9411'
7268,'BL|12|_|GR|12|4'
7268,'BR|13|2|GR|__|7'
7268,'BV|13|4|GR|06|1'
7268,'BV|13|B|GR|__|1'
7268,'L|E|13|C|_|7271'
7268,'BL|13|C|GR|00|C'
7268,'BD|13|C|GR|__|7'
7268,'L|J|14|1|_|2157'
7268,'BQ|14|2|GR|06|C'
7268,'H|_|14|C|GR|15|8'
7268,'BT|15|7|__|__|8'
7268,'BM|15|8|GR|__|2'
7268,'BV|__|_|GR|17|_'
7280,'I|_|11|6|HI|11|7'
7307,'BN|56|_|__|__|_'
7307,'L|O|12|_|_|7042'
7307,'Z|_|12|9|VR|13|4'
7307,'BQ|12|A|VE|09|4'
7307,'BT|13|1|DF|26|_'
7307,'A|_|13|6|GT|__|_'
7307,'H|_|13|A|ME|14|8'
7307,'W|P|13|A|DF|08|7'
7341,'L|C|89|_|_|7037'
7341,'BK|89|_|NL|16|_'
7341,'L|C|00|_|_|7037'
7341,'H|_|00|1|NL|03|A'
7357,'=|G|14|_|__|__|_'
7357,'BB|14|6|OA|05|_'
7357,'H|X|14|7|OA|14|B'
7357,'BT|16|3|OA|20|_'
7373,'BW|55|_|PU|23|_'
7373,'BT|62|_|PU|71|_'
7373,'BB|76|_|PU|27|_'
7373,'L|M|76|_|_|6729'
7373,'BT|76|_|PU|02|2'
7373,'BT|76|C|PU|02|2'
7373,'W|P|77|_|PU|07|2'
7373,'W|P|77|1|PU|07|2'
7373,'G|_|77|4|PU|79|C'
7373,'G|_|77|4|PU|__|_'
7373,'BM|84|2|PU|01|1'
7373,'BN|35|_|PU|20|8'
7394,'BM|15|6|CO|26|2'
7520,'=|L|59|_|YU|01|_'
7520,'BH|74|_|YU|30|B'
7520,'BW|82|_|YU|22|1'
7520,'BW|00|_|YU|37|1'
7520,'Q|P|02|_|YU|01|2'
7520,'I|_|02|8|YU|02|9'
7520,'BM|09|_|FR|01|1'
7520,'BN|33|_|YU|01|1'
7619,'S|S|17|3|CL|__|_'
7626,'S|S|17|3|YU|__|_'
7629,'S|S|17|3|OT|__|_'
7671,'S|S|24|7|NL|__|_'
7696,'S|S|28|7|TL|__|_'
7798,'BV|11|1|DU|12|_'
7798,'BD|11|3|SI|23|1'
7798,'BP|11|5|DU|15|5'
7798,'A|_|11|6|DU|__|_'
7798,'BQ|12|4|SI|01|A'
8002,'BT|10|B|SI|26|4'
8002,'BP|11|4|SI|24|3'
8067,'BN|88|_|TA|01|1'
8067,'=|P|04|_|TA|__|_'
8067,'BT|06|9|US|26|9'
8067,'BR|06|A|US|__|4'
8067,'BW|21|_|DF|23|1'
8102,'BK|11|6|PU|17|4'
8109,'BN|83|_|TB|09|_'
8109,'=|I|13|_|__|__|_'
8109,'BV|13|4|TB|13|1'
8109,'L|M|13|8|_|1981'
8109,'W|_|13|8|TB|03|C'
8109,'L|M|13|B|_|2041'
8109,'W|_|14|4|NL|04|C'
8109,'W|_|14|7|__|05|C'
8109,'L|M|15|1|_|7529'
8109,'W|_|15|7|__|06|8'
8109,'BK|18|A|GT|17|8'
8109,'L|M|20|5|_|2035'
8109,'W|_|20|8|__|07|F'
8109,'BK|21|2|DF|17|F'
8112,'G|_|81|6|AG|83|C'
8112,'G|_|95|C|AG|99|C'
8132,'BN|85|_|MO|__|_'
8132,'L|F|00|_|_|6396'
8132,'BW|10|_|__|57|_'
8132,'BT|16|C|TL|62|8'
8132,'L|E|17|8|_|2157'
8132,'BL|17|B|MO|02|8'
8132,'BV|18|4|TL|__|1'
8132,'BT|18|5|TL|39|_'
8132,'BM|20|_|PU|01|2'
8145,'BT|11|B|PU|59|A'
8145,'W|P|11|B|MO|07|A'
8168,'BT|11|B|PU|59|A'
8168,'W|P|11|B|MO|06|A'
8181,'BN|__|_|CH|__|_'
8181,'BC|05|7|US|__|_'
8181,'BW|10|_|GR|64|3'
8181,'L|M|11|4|_|7325'
8181,'BT|11|3|MO|__|4'
8181,'L|S|11|5|_|8083'
8181,'BP|11|5|MO|01|4'
8185,'BL|13|_|GR|__|A'
8185,'L|M|13|C|_|2157'
8255,'BV|11|1|VE|50|0'
8255,'BT|11|1|VE|__|4'
8255,'W|P|39|_|__|09|_'
8285,'BQ|13|5|HI|04|C'
8285,'BQ|13|5|HI|20|C'
8285,'BM|13|B|VE|03|4'
8314,'BN|82|_|GR|15|_'
8314,'BW|10|_|GR|40|_'
8314,'W|P|13|7|MI|06|C'
8314,'L|D|13|9|_|2151'
8314,'BM|13|A|GR|__|2'
9038,'L|F|00|_|_|2072'
9038,'BV|10|B|DU|18|1'
9038,'W|_|10|B|DU|01|4'
9038,'L|M|11|3|_|9438'
9038,'W|_|11|4|DU|03|4'
9038,'W|_|11|C|DU|04|4'
9038,'BR|12|C|DU|__|5'
9038,'L|M|13|1|_|9438'
9038,'W|_|13|3|DU|05|C'
9038,'W|_|14|4|DU|06|C'
9038,'W|_|14|8|DU|07|C'
9038,'W|P|14|A|__|07|8'
9038,'L|M|14|A|_|0000'
9038,'L|M|15|7|_|9439'
9038,'BK|18|C|DU|19|8'
9038,'BR|19|3|DU|__|_'
9072,'BO|74|_|DU|01|9'
9072,'BN|74|8|DU|18|3'
9072,'L|X|00|_|_|0000'
9072,'BW|10|1|DU|60|3'
9072,'BW|10|1|DU|62|3'
9072,'BV|10|B|DU|18|1'
9072,'BT|10|B|DU|__|4'
9072,'BP|11|4|DU|04|B'
9072,'W|R|11|7|DU|06|4'
9072,'BK|11|A|DU|13|4'
9072,'BR|12|C|DU|__|6'
9072,'BP|13|_|DU|15|3'
9072,'BV|13|2|DU|18|1'
9072,'BP|13|3|DU|04|B'
9072,'BV|13|3|DU|18|1'
9072,'BP|13|6|DU|01|1'
9072,'A|_|13|6|DU|__|_'
9072,'W|P|13|B|SI|07|C'
9072,'L|M|13|B|_|2061'
9072,'L|D|14|4|_|1996'
9072,'H|_|14|8|DU|14|9'
9072,'BT|14|9|DU|__|8'
9072,'BT|14|A|__|14|8'
9072,'L|X|14|A|_|0000'
9072,'H|_|15|A|DU|16|1'
9072,'G|_|17|9|DU|20|5'
9072,'BR|20|5|DU|__|A'
